Lorem ipsum dolor sit amet, consectetur adipiscing elit;
Phasellus faucibus nulla a posuere porta;
Maecenas tempor ligula vitae lorem posuere luctus;
Donec id odio at quam sodales euismod;
Sed pretium massa in massa fringilla, id commodo mauris laoreet;
Proin tristique enim vel velit tristique auctor vitae in velit;
Vivamus vitae nisl quis est venenatis sodales non eget felis;
Curabitur vitae est ut leo pulvinar finibus vel sit amet augue;
Fusce luctus eros id lacus egestas, a maximus urna auctor;
Cras ac nisi facilisis, dictum mauris ac, tincidunt justo;
Curabitur vel felis a velit mollis lobortis;