Phasellus faucibus nulla a posuere porta;
Lorem ipsum dolor sit amet, consectetur adipiscing elit;
Donec id odio at quam sodales euismod;
Maecenas tempor ligula vitae lorem posuere luctus;
Vivamus vitae nisl quis est venenatis sodales non eget felis;
Sed pretium massa in massa fringilla, id commodo mauris laoreet;
Fusce luctus eros id lacus egestas, a maximus urna auctor;
Proin tristique enim vel velit tristique auctor vitae in velit;
Curabitur vitae est ut leo pulvinar finibus vel sit amet augue;
Curabitur vel felis a velit mollis lobortis;
Cras ac nisi facilisis, dictum mauris ac, tincidunt justo;